source_dir,area,source_name,dataset_name,valid_images,points,observations,gcps,checkpoints,gcp_observations,cameras,photogroups,camera_models,source_format,source_software,image_index,source_image_ids_contiguous,source_bytes
C:\zuo\Projects\BA\Colmap_Output\CloseRange\AvignonHotelDesMonnaies,ba-colmap,CloseRange/AvignonHotelDesMonnaies,ba-colmap-problem-i11-p9611-o34292-g0-c0,11,9611,34292,0,0,0,1,1,OPENCV,COLMAP text,COLMAP,row,1,5226008
C:\zuo\Projects\BA\Colmap_Output\CloseRange\BurgosPuertaDeLaCoroneria,ba-colmap,CloseRange/BurgosPuertaDeLaCoroneria,ba-colmap-problem-i10-p6935-o25876-g0-c0,10,6935,25876,0,0,0,6,6,OPENCV,COLMAP text,COLMAP,row,1,4490639
C:\zuo\Projects\BA\Colmap_Output\CloseRange\CognacGardenBuilding,ba-colmap,CloseRange/CognacGardenBuilding,ba-colmap-problem-i12-p8091-o35213-g0-c0,12,8091,35213,0,0,0,3,3,OPENCV,COLMAP text,COLMAP,row,1,6180556
C:\zuo\Projects\BA\Colmap_Output\CloseRange\CognacStJacquesDoor,ba-colmap,CloseRange/CognacStJacquesDoor,ba-colmap-problem-i20-p19344-o94945-g0-c0,20,19344,94945,0,0,0,10,10,OPENCV,COLMAP text,COLMAP,row,1,10730827
C:\zuo\Projects\BA\Colmap_Output\CloseRange\EchillaisChurch,ba-colmap,CloseRange/EchillaisChurch,ba-colmap-problem-i263-p244505-o1139847-g0-c0,263,244505,1139847,0,0,0,37,37,OPENCV,COLMAP text,COLMAP,row,1,141806015
C:\zuo\Projects\BA\Colmap_Output\CloseRange\MirebeauStHilaireStatue,ba-colmap,CloseRange/MirebeauStHilaireStatue,ba-colmap-problem-i22-p16479-o82523-g0-c0,22,16479,82523,0,0,0,8,8,OPENCV,COLMAP text,COLMAP,row,1,11296936
C:\zuo\Projects\BA\Colmap_Output\CloseRange\MuratoCorsicaChurch,ba-colmap,CloseRange/MuratoCorsicaChurch,ba-colmap-problem-i28-p15121-o77244-g0-c0,28,15121,77244,0,0,0,16,16,OPENCV,COLMAP text,COLMAP,row,0,13546173
C:\zuo\Projects\BA\Colmap_Output\CloseRange\Palm_Desert_Micro,ba-colmap,CloseRange/Palm_Desert_Micro,ba-colmap-problem-i21-p13388-o50356-g0-c0,21,13388,50356,0,0,0,1,1,OPENCV,COLMAP text,COLMAP,row,1,10401859
C:\zuo\Projects\BA\Colmap_Output\CloseRange\PoitiersCathedralMainEntranceDoor,ba-colmap,CloseRange/PoitiersCathedralMainEntranceDoor,ba-colmap-problem-i33-p26645-o130296-g0-c0,33,26645,130296,0,0,0,18,18,OPENCV,COLMAP text,COLMAP,row,1,17008950
C:\zuo\Projects\BA\Colmap_Output\CloseRange\SceauxCastle,ba-colmap,CloseRange/SceauxCastle,ba-colmap-problem-i11-p7919-o37954-g0-c0,11,7919,37954,0,0,0,1,1,OPENCV,COLMAP text,COLMAP,row,1,5481689
C:\zuo\Projects\BA\Colmap_Output\FiveLens\tyut1\Back,ba-colmap,FiveLens/tyut1/Back,ba-colmap-problem-i197-p173367-o717141-g0-c0,197,173367,717141,0,0,0,1,1,OPENCV,COLMAP text,COLMAP,row,0,100580989
C:\zuo\Projects\BA\Colmap_Output\FiveLens\tyut1\Down,ba-colmap,FiveLens/tyut1/Down,ba-colmap-problem-i202-p164633-o627398-g0-c0,202,164633,627398,0,0,0,1,1,OPENCV,COLMAP text,COLMAP,row,1,98968711
C:\zuo\Projects\BA\Colmap_Output\FiveLens\tyut1\five,ba-colmap,FiveLens/tyut1/five,ba-colmap-problem-i1010-p768771-o3614067-g0-c0,1010,768771,3614067,0,0,0,5,5,OPENCV,COLMAP text,COLMAP,row,1,503796657
C:\zuo\Projects\BA\Colmap_Output\FiveLens\tyut1\Front,ba-colmap,FiveLens/tyut1/Front,ba-colmap-problem-i198-p141417-o522117-g0-c0,198,141417,522117,0,0,0,1,1,OPENCV,COLMAP text,COLMAP,row,0,95651201
C:\zuo\Projects\BA\Colmap_Output\FiveLens\tyut1\Left,ba-colmap,FiveLens/tyut1/Left,ba-colmap-problem-i98-p84225-o323440-g0-c0,98,84225,323440,0,0,0,1,1,OPENCV,COLMAP text,COLMAP,row,0,47717001
C:\zuo\Projects\BA\Colmap_Output\FiveLens\tyut1\Right,ba-colmap,FiveLens/tyut1/Right,ba-colmap-problem-i197-p140430-o545447-g0-c0,197,140430,545447,0,0,0,1,1,OPENCV,COLMAP text,COLMAP,row,0,95826690
C:\zuo\Projects\BA\Colmap_Output\FiveLens\tyut2\Back,ba-colmap,FiveLens/tyut2/Back,ba-colmap-problem-i242-p193604-o786158-g0-c0,242,193604,786158,0,0,0,1,1,OPENCV,COLMAP text,COLMAP,row,0,122511518
C:\zuo\Projects\BA\Colmap_Output\FiveLens\tyut2\Down,ba-colmap,FiveLens/tyut2/Down,ba-colmap-problem-i247-p174504-o634249-g0-c0,247,174504,634249,0,0,0,1,1,OPENCV,COLMAP text,COLMAP,row,1,119001853
C:\zuo\Projects\BA\Colmap_Output\FiveLens\tyut2\five,ba-colmap,FiveLens/tyut2/five,ba-colmap-problem-i1234-p864342-o3983139-g0-c0,1234,864342,3983139,0,0,0,5,5,OPENCV,COLMAP text,COLMAP,row,0,609552504
C:\zuo\Projects\BA\Colmap_Output\FiveLens\tyut2\Front,ba-colmap,FiveLens/tyut2/Front,ba-colmap-problem-i242-p162338-o593589-g0-c0,242,162338,593589,0,0,0,1,1,OPENCV,COLMAP text,COLMAP,row,0,117243712
C:\zuo\Projects\BA\Colmap_Output\FiveLens\tyut2\Left,ba-colmap,FiveLens/tyut2/Left,ba-colmap-problem-i240-p160099-o601890-g0-c0,240,160099,601890,0,0,0,1,1,OPENCV,COLMAP text,COLMAP,row,0,114052405
C:\zuo\Projects\BA\Colmap_Output\FiveLens\tyut2\Right,ba-colmap,FiveLens/tyut2/Right,ba-colmap-problem-i243-p156835-o578681-g0-c0,243,156835,578681,0,0,0,1,1,OPENCV,COLMAP text,COLMAP,row,0,114186011
C:\zuo\Projects\BA\Colmap_Output\FiveLens\tyut3\Back,ba-colmap,FiveLens/tyut3/Back,ba-colmap-problem-i66-p56437-o241704-g0-c0,66,56437,241704,0,0,0,1,1,OPENCV,COLMAP text,COLMAP,row,0,32309499
C:\zuo\Projects\BA\Colmap_Output\FiveLens\tyut3\Down,ba-colmap,FiveLens/tyut3/Down,ba-colmap-problem-i67-p46514-o164832-g0-c0,67,46514,164832,0,0,0,1,1,OPENCV,COLMAP text,COLMAP,row,1,31389263
C:\zuo\Projects\BA\Colmap_Output\FiveLens\tyut3\five,ba-colmap,FiveLens/tyut3/five,ba-colmap-problem-i334-p232937-o1001660-g0-c0,334,232937,1001660,0,0,0,5,5,OPENCV,COLMAP text,COLMAP,row,0,161032160
C:\zuo\Projects\BA\Colmap_Output\FiveLens\tyut3\Front,ba-colmap,FiveLens/tyut3/Front,ba-colmap-problem-i66-p45939-o163829-g0-c0,66,45939,163829,0,0,0,1,1,OPENCV,COLMAP text,COLMAP,row,0,31422339
C:\zuo\Projects\BA\Colmap_Output\FiveLens\tyut3\Left,ba-colmap,FiveLens/tyut3/Left,ba-colmap-problem-i35-p24704-o91831-g0-c0,35,24704,91831,0,0,0,1,1,OPENCV,COLMAP text,COLMAP,row,0,16814672
C:\zuo\Projects\BA\Colmap_Output\FiveLens\tyut3\Right,ba-colmap,FiveLens/tyut3/Right,ba-colmap-problem-i36-p20326-o73308-g0-c0,36,20326,73308,0,0,0,1,1,OPENCV,COLMAP text,COLMAP,row,0,16165505
C:\zuo\Projects\BA\Colmap_Output\FiveLens\tyut4\Back,ba-colmap,FiveLens/tyut4/Back,ba-colmap-problem-i92-p73986-o345304-g0-c0,92,73986,345304,0,0,0,1,1,OPENCV,COLMAP text,COLMAP,row,0,44849674
C:\zuo\Projects\BA\Colmap_Output\FiveLens\tyut4\Down,ba-colmap,FiveLens/tyut4/Down,ba-colmap-problem-i94-p62413-o234926-g0-c0,94,62413,234926,0,0,0,1,1,OPENCV,COLMAP text,COLMAP,row,1,45143189
C:\zuo\Projects\BA\Colmap_Output\FiveLens\tyut4\five,ba-colmap,FiveLens/tyut4/five,ba-colmap-problem-i470-p326766-o1544414-g0-c0,470,326766,1544414,0,0,0,5,5,OPENCV,COLMAP text,COLMAP,row,1,230016360
C:\zuo\Projects\BA\Colmap_Output\FiveLens\tyut4\Front,ba-colmap,FiveLens/tyut4/Front,ba-colmap-problem-i91-p52639-o185542-g0-c0,91,52639,185542,0,0,0,1,1,OPENCV,COLMAP text,COLMAP,row,0,42186525
C:\zuo\Projects\BA\Colmap_Output\FiveLens\tyut4\Left,ba-colmap,FiveLens/tyut4/Left,ba-colmap-problem-i62-p41119-o153764-g0-c0,62,41119,153764,0,0,0,1,1,OPENCV,COLMAP text,COLMAP,row,0,29935887
C:\zuo\Projects\BA\Colmap_Output\FiveLens\tyut4\Right,ba-colmap,FiveLens/tyut4/Right,ba-colmap-problem-i60-p40439-o166777-g0-c0,60,40439,166777,0,0,0,1,1,OPENCV,COLMAP text,COLMAP,row,0,28174970
C:\zuo\Projects\BA\Colmap_Output\FiveLens\tyut5\Back,ba-colmap,FiveLens/tyut5/Back,ba-colmap-problem-i152-p116407-o507926-g0-c0,152,116407,507926,0,0,0,1,1,OPENCV,COLMAP text,COLMAP,row,0,74173105
C:\zuo\Projects\BA\Colmap_Output\FiveLens\tyut5\Down,ba-colmap,FiveLens/tyut5/Down,ba-colmap-problem-i155-p104827-o405841-g0-c0,155,104827,405841,0,0,0,1,1,OPENCV,COLMAP text,COLMAP,row,1,74655987
C:\zuo\Projects\BA\Colmap_Output\FiveLens\tyut5\five,ba-colmap,FiveLens/tyut5/five,ba-colmap-problem-i774-p500737-o2541021-g0-c0,774,500737,2541021,0,0,0,5,5,OPENCV,COLMAP text,COLMAP,row,0,375145238
C:\zuo\Projects\BA\Colmap_Output\FiveLens\tyut5\Front,ba-colmap,FiveLens/tyut5/Front,ba-colmap-problem-i153-p84671-o318506-g0-c0,153,84671,318506,0,0,0,1,1,OPENCV,COLMAP text,COLMAP,row,0,68458944
C:\zuo\Projects\BA\Colmap_Output\FiveLens\tyut5\Left,ba-colmap,FiveLens/tyut5/Left,ba-colmap-problem-i150-p98166-o396386-g0-c0,150,98166,396386,0,0,0,1,1,OPENCV,COLMAP text,COLMAP,row,0,72071921
C:\zuo\Projects\BA\Colmap_Output\FiveLens\tyut5\Right,ba-colmap,FiveLens/tyut5/Right,ba-colmap-problem-i151-p91757-o369442-g0-c0,151,91757,369442,0,0,0,1,1,OPENCV,COLMAP text,COLMAP,row,0,70999836
C:\zuo\Projects\BA\Colmap_Output\KITTI\City\2011_09_26\2011_09_26_drive_0002_extract,ba-colmap,KITTI/City/2011_09_26/2011_09_26_drive_0002_extract,ba-colmap-problem-i83-p48102-o330263-g0-c0,83,48102,330263,0,0,0,1,1,OPENCV,COLMAP text,COLMAP,row,1,34919410
C:\zuo\Projects\BA\Colmap_Output\KITTI\City\2011_09_26\2011_09_26_drive_0005_extract,ba-colmap,KITTI/City/2011_09_26/2011_09_26_drive_0005_extract,ba-colmap-problem-i160-p58177-o478892-g0-c0,160,58177,478892,0,0,0,1,1,OPENCV,COLMAP text,COLMAP,row,1,53068647
C:\zuo\Projects\BA\Colmap_Output\KITTI\City\2011_09_26\2011_09_26_drive_0009_extract,ba-colmap,KITTI/City/2011_09_26/2011_09_26_drive_0009_extract,ba-colmap-problem-i401-p152072-o1219050-g0-c0,401,152072,1219050,0,0,0,1,1,OPENCV,COLMAP text,COLMAP,row,1,132810195
C:\zuo\Projects\BA\Colmap_Output\KITTI\City\2011_09_26\2011_09_26_drive_0011_extract,ba-colmap,KITTI/City/2011_09_26/2011_09_26_drive_0011_extract,ba-colmap-problem-i161-p61484-o603643-g0-c0,161,61484,603643,0,0,0,1,1,OPENCV,COLMAP text,COLMAP,row,1,63644266
C:\zuo\Projects\BA\Colmap_Output\KITTI\City\2011_09_26\2011_09_26_drive_0013_extract,ba-colmap,KITTI/City/2011_09_26/2011_09_26_drive_0013_extract,ba-colmap-problem-i150-p70567-o453483-g0-c0,150,70567,453483,0,0,0,1,1,OPENCV,COLMAP text,COLMAP,row,1,68859528
C:\zuo\Projects\BA\Colmap_Output\KITTI\City\2011_09_26\2011_09_26_drive_0014_extract,ba-colmap,KITTI/City/2011_09_26/2011_09_26_drive_0014_extract,ba-colmap-problem-i320-p123204-o881099-g0-c0,320,123204,881099,0,0,0,1,1,OPENCV,COLMAP text,COLMAP,row,1,107179187
C:\zuo\Projects\BA\Colmap_Output\KITTI\City\2011_09_26\2011_09_26_drive_0019_extract,ba-colmap,KITTI/City/2011_09_26/2011_09_26_drive_0019_extract,ba-colmap-problem-i438-p219869-o1569901-g0-c0,438,219869,1569901,0,0,0,1,1,OPENCV,COLMAP text,COLMAP,row,1,201376657
C:\zuo\Projects\BA\Colmap_Output\KITTI\City\2011_09_26\2011_09_26_drive_0020_extract,ba-colmap,KITTI/City/2011_09_26/2011_09_26_drive_0020_extract,ba-colmap-problem-i92-p19512-o244669-g0-c0,92,19512,244669,0,0,0,1,1,OPENCV,COLMAP text,COLMAP,row,1,27220807
C:\zuo\Projects\BA\Colmap_Output\KITTI\City\2011_09_26\2011_09_26_drive_0048_extract,ba-colmap,KITTI/City/2011_09_26/2011_09_26_drive_0048_extract,ba-colmap-problem-i28-p9501-o62985-g0-c0,28,9501,62985,0,0,0,1,1,OPENCV,COLMAP text,COLMAP,row,1,6781298
C:\zuo\Projects\BA\Colmap_Output\KITTI\City\2011_09_26\2011_09_26_drive_0051_extract,ba-colmap,KITTI/City/2011_09_26/2011_09_26_drive_0051_extract,ba-colmap-problem-i281-p82959-o654163-g0-c0,281,82959,654163,0,0,0,1,1,OPENCV,COLMAP text,COLMAP,row,1,76525654
C:\zuo\Projects\BA\Colmap_Output\KITTI\City\2011_09_26\2011_09_26_drive_0056_extract,ba-colmap,KITTI/City/2011_09_26/2011_09_26_drive_0056_extract,ba-colmap-problem-i300-p119380-o767372-g0-c0,300,119380,767372,0,0,0,1,1,OPENCV,COLMAP text,COLMAP,row,1,103337401
C:\zuo\Projects\BA\Colmap_Output\KITTI\City\2011_09_26\2011_09_26_drive_0059_extract,ba-colmap,KITTI/City/2011_09_26/2011_09_26_drive_0059_extract,ba-colmap-problem-i344-p140183-o1263254-g0-c0,344,140183,1263254,0,0,0,1,1,OPENCV,COLMAP text,COLMAP,row,1,125253378
C:\zuo\Projects\BA\Colmap_Output\KITTI\City\2011_09_26\2011_09_26_drive_0084_extract,ba-colmap,KITTI/City/2011_09_26/2011_09_26_drive_0084_extract,ba-colmap-problem-i328-p125530-o1154337-g0-c0,328,125530,1154337,0,0,0,1,1,OPENCV,COLMAP text,COLMAP,row,1,114515506
C:\zuo\Projects\BA\Colmap_Output\KITTI\City\2011_09_26\2011_09_26_drive_0091_extract,ba-colmap,KITTI/City/2011_09_26/2011_09_26_drive_0091_extract,ba-colmap-problem-i346-p127811-o1037270-g0-c0,346,127811,1037270,0,0,0,1,1,OPENCV,COLMAP text,COLMAP,row,1,105780125
C:\zuo\Projects\BA\Colmap_Output\KITTI\City\2011_09_26\2011_09_26_drive_0093_extract,ba-colmap,KITTI/City/2011_09_26/2011_09_26_drive_0093_extract,ba-colmap-problem-i439-p134932-o1149785-g0-c0,439,134932,1149785,0,0,0,1,1,OPENCV,COLMAP text,COLMAP,row,1,108063539
C:\zuo\Projects\BA\Colmap_Output\KITTI\City\2011_09_26\2011_09_26_drive_0095_extract,ba-colmap,KITTI/City/2011_09_26/2011_09_26_drive_0095_extract,ba-colmap-problem-i274-p117614-o841526-g0-c0,274,117614,841526,0,0,0,1,1,OPENCV,COLMAP text,COLMAP,row,1,85103701
C:\zuo\Projects\BA\Colmap_Output\KITTI\City\2011_09_26\2011_09_26_drive_0096_extract,ba-colmap,KITTI/City/2011_09_26/2011_09_26_drive_0096_extract,ba-colmap-problem-i481-p157299-o1314967-g0-c0,481,157299,1314967,0,0,0,1,1,OPENCV,COLMAP text,COLMAP,row,1,169902515
C:\zuo\Projects\BA\Colmap_Output\KITTI\City\2011_09_26\2011_09_26_drive_0104_extract,ba-colmap,KITTI/City/2011_09_26/2011_09_26_drive_0104_extract,ba-colmap-problem-i318-p116719-o944270-g0-c0,318,116719,944270,0,0,0,1,1,OPENCV,COLMAP text,COLMAP,row,1,105673498
C:\zuo\Projects\BA\Colmap_Output\KITTI\City\2011_09_26\2011_09_26_drive_0106_extract,ba-colmap,KITTI/City/2011_09_26/2011_09_26_drive_0106_extract,ba-colmap-problem-i182-p61229-o536547-g0-c0,182,61229,536547,0,0,0,1,1,OPENCV,COLMAP text,COLMAP,row,1,61239155
C:\zuo\Projects\BA\Colmap_Output\KITTI\City\2011_09_26\2011_09_26_drive_0113_extract,ba-colmap,KITTI/City/2011_09_26/2011_09_26_drive_0113_extract,ba-colmap-problem-i93-p30075-o304632-g0-c0,93,30075,304632,0,0,0,1,1,OPENCV,COLMAP text,COLMAP,row,1,33053636
C:\zuo\Projects\BA\Colmap_Output\KITTI\City\2011_09_26\2011_09_26_drive_0117_extract,ba-colmap,KITTI/City/2011_09_26/2011_09_26_drive_0117_extract,ba-colmap-problem-i666-p277186-o2463910-g0-c0,666,277186,2463910,0,0,0,1,1,OPENCV,COLMAP text,COLMAP,row,1,264042637
C:\zuo\Projects\BA\Colmap_Output\KITTI\City\2011_09_28\2011_09_28_drive_0001_extract,ba-colmap,KITTI/City/2011_09_28/2011_09_28_drive_0001_extract,ba-colmap-problem-i96-p37223-o310438-g0-c0,96,37223,310438,0,0,0,1,1,OPENCV,COLMAP text,COLMAP,row,1,32158951
C:\zuo\Projects\BA\Colmap_Output\KITTI\City\2011_09_28\2011_09_28_drive_0002_extract,ba-colmap,KITTI/City/2011_09_28/2011_09_28_drive_0002_extract,ba-colmap-problem-i92-p34349-o238053-g0-c0,92,34349,238053,0,0,0,1,1,OPENCV,COLMAP text,COLMAP,row,1,33507398
C:\zuo\Projects\BA\Colmap_Output\KITTI\City\2011_09_29\2011_09_29_drive_0026_extract,ba-colmap,KITTI/City/2011_09_29/2011_09_29_drive_0026_extract,ba-colmap-problem-i36-p10398-o82804-g0-c0,36,10398,82804,0,0,0,1,1,OPENCV,COLMAP text,COLMAP,row,1,9691396
C:\zuo\Projects\BA\Colmap_Output\KITTI\City\2011_09_29\2011_09_29_drive_0071_extract,ba-colmap,KITTI/City/2011_09_29/2011_09_29_drive_0071_extract,ba-colmap-problem-i666-p188271-o2163574-g0-c0,666,188271,2163574,0,0,0,666,666,OPENCV,COLMAP text,COLMAP,row,0,204216085
C:\zuo\Projects\BA\Colmap_Output\KITTI\Residential\2011_09_26_drive_0019_extract\00,ba-colmap,KITTI/Residential/2011_09_26_drive_0019_extract/00,ba-colmap-problem-i411-p215683-o1470364-g0-c0,411,215683,1470364,0,0,0,1,1,OPENCV,COLMAP text,COLMAP,row,1,192492507
C:\zuo\Projects\BA\Colmap_Output\KITTI\Residential\2011_09_26_drive_0019_extract\01,ba-colmap,KITTI/Residential/2011_09_26_drive_0019_extract/01,ba-colmap-problem-i411-p204010-o1376036-g0-c0,411,204010,1376036,0,0,0,1,1,OPENCV,COLMAP text,COLMAP,row,0,189069833
C:\zuo\Projects\BA\Colmap_Output\KITTI\Residential\2011_09_26_drive_0019_extract\02,ba-colmap,KITTI/Residential/2011_09_26_drive_0019_extract/02,ba-colmap-problem-i411-p216232-o1386288-g0-c0,411,216232,1386288,0,0,0,1,1,OPENCV,COLMAP text,COLMAP,row,0,230949678
C:\zuo\Projects\BA\Colmap_Output\KITTI\Residential\2011_09_26_drive_0019_extract\03,ba-colmap,KITTI/Residential/2011_09_26_drive_0019_extract/03,ba-colmap-problem-i411-p214826-o1410213-g0-c0,411,214826,1410213,0,0,0,1,1,OPENCV,COLMAP text,COLMAP,row,0,236721589
C:\zuo\Projects\BA\Colmap_Output\KITTI\VisualOdometry\data_odometry_gray\sequences\00,ba-colmap,KITTI/VisualOdometry/data_odometry_gray/sequences/00,ba-colmap-problem-i4541-p895388-o7478198-g0-c0,4541,895388,7478198,0,0,0,1,1,OPENCV,COLMAP text,COLMAP,row,1,855453594
C:\zuo\Projects\BA\Colmap_Output\KITTI\VisualOdometry\data_odometry_gray\sequences\01,ba-colmap,KITTI/VisualOdometry/data_odometry_gray/sequences/01,ba-colmap-problem-i1101-p193680-o1208214-g0-c0,1101,193680,1208214,0,0,0,1,1,OPENCV,COLMAP text,COLMAP,row,1,150638582
C:\zuo\Projects\BA\Colmap_Output\KITTI\VisualOdometry\data_odometry_gray\sequences\03,ba-colmap,KITTI/VisualOdometry/data_odometry_gray/sequences/03,ba-colmap-problem-i801-p239803-o2098512-g0-c0,801,239803,2098512,0,0,0,1,1,OPENCV,COLMAP text,COLMAP,row,1,216997590
C:\zuo\Projects\BA\Colmap_Output\KITTI\VisualOdometry\data_odometry_gray\sequences\04,ba-colmap,KITTI/VisualOdometry/data_odometry_gray/sequences/04,ba-colmap-problem-i271-p67749-o465547-g0-c0,271,67749,465547,0,0,0,1,1,OPENCV,COLMAP text,COLMAP,row,1,55455758
C:\zuo\Projects\BA\Colmap_Output\KITTI\VisualOdometry\data_odometry_gray\sequences\05,ba-colmap,KITTI/VisualOdometry/data_odometry_gray/sequences/05,ba-colmap-problem-i2685-p677403-o4999486-g0-c0,2685,677403,4999486,0,0,0,1,1,OPENCV,COLMAP text,COLMAP,row,1,572100418
C:\zuo\Projects\BA\Colmap_Output\KITTI\VisualOdometry\data_odometry_gray\sequences\06,ba-colmap,KITTI/VisualOdometry/data_odometry_gray/sequences/06,ba-colmap-problem-i1101-p258010-o1638008-g0-c0,1101,258010,1638008,0,0,0,1,1,OPENCV,COLMAP text,COLMAP,row,1,220475842
C:\zuo\Projects\BA\Colmap_Output\KITTI\VisualOdometry\data_odometry_gray\sequences\07,ba-colmap,KITTI/VisualOdometry/data_odometry_gray/sequences/07,ba-colmap-problem-i947-p223155-o1703851-g0-c0,947,223155,1703851,0,0,0,1,1,OPENCV,COLMAP text,COLMAP,row,1,183462927
C:\zuo\Projects\BA\Colmap_Output\KITTI\VisualOdometry\data_odometry_gray\sequences\09,ba-colmap,KITTI/VisualOdometry/data_odometry_gray/sequences/09,ba-colmap-problem-i1591-p399283-o2553063-g0-c0,1591,399283,2553063,0,0,0,1,1,OPENCV,COLMAP text,COLMAP,row,1,341072120
C:\zuo\Projects\BA\Colmap_Output\KITTI\VisualOdometry\data_odometry_gray\sequences\10,ba-colmap,KITTI/VisualOdometry/data_odometry_gray/sequences/10,ba-colmap-problem-i1201-p307748-o2252876-g0-c0,1201,307748,2252876,0,0,0,1,1,OPENCV,COLMAP text,COLMAP,row,1,264813097
C:\zuo\Projects\BA\Colmap_Output\KITTI\VisualOdometry\data_odometry_gray\sequences\11,ba-colmap,KITTI/VisualOdometry/data_odometry_gray/sequences/11,ba-colmap-problem-i921-p201649-o1308715-g0-c0,921,201649,1308715,0,0,0,1,1,OPENCV,COLMAP text,COLMAP,row,1,163370762
C:\zuo\Projects\BA\Colmap_Output\KITTI\VisualOdometry\data_odometry_gray\sequences\12,ba-colmap,KITTI/VisualOdometry/data_odometry_gray/sequences/12,ba-colmap-problem-i1014-p196142-o1349669-g0-c0,1014,196142,1349669,0,0,0,1,1,OPENCV,COLMAP text,COLMAP,row,1,208001662
C:\zuo\Projects\BA\Colmap_Output\KITTI\VisualOdometry\data_odometry_gray\sequences\14,ba-colmap,KITTI/VisualOdometry/data_odometry_gray/sequences/14,ba-colmap-problem-i631-p200820-o1314726-g0-c0,631,200820,1314726,0,0,0,1,1,OPENCV,COLMAP text,COLMAP,row,1,165041849
C:\zuo\Projects\BA\Colmap_Output\KITTI\VisualOdometry\data_odometry_gray\sequences\15,ba-colmap,KITTI/VisualOdometry/data_odometry_gray/sequences/15,ba-colmap-problem-i1901-p500463-o3569903-g0-c0,1901,500463,3569903,0,0,0,1,1,OPENCV,COLMAP text,COLMAP,row,1,415226434
C:\zuo\Projects\BA\Colmap_Output\MyProject\frjd1,ba-colmap,MyProject/frjd1,ba-colmap-problem-i2837-p2701691-o13212297-g0-c0,2837,2701691,13212297,0,0,0,1,1,OPENCV,COLMAP text,COLMAP,row,0,1513443163
C:\zuo\Projects\BA\Colmap_Output\MyProject\frjd2,ba-colmap,MyProject/frjd2,ba-colmap-problem-i1825-p1811213-o8678088-g0-c0,1825,1811213,8678088,0,0,0,1,1,OPENCV,COLMAP text,COLMAP,row,1,971415559
C:\zuo\Projects\BA\Colmap_Output\ODMData\20190411_Miaoli_Toufeng_Tuniu-River_5.75K,ba-colmap,ODMData/20190411_Miaoli_Toufeng_Tuniu-River_5.75K,ba-colmap-problem-i271-p118208-o591140-g0-c0,271,118208,591140,0,0,0,1,1,OPENCV,COLMAP text,COLMAP,row,1,119152604
C:\zuo\Projects\BA\Colmap_Output\ODMData\20190916_Miaoli_Toufeng_Tuniu-River_5.75K,ba-colmap,ODMData/20190916_Miaoli_Toufeng_Tuniu-River_5.75K,ba-colmap-problem-i297-p122943-o598702-g0-c0,297,122943,598702,0,0,0,1,1,OPENCV,COLMAP text,COLMAP,row,1,128951877
C:\zuo\Projects\BA\Colmap_Output\ODMData\agrowing_multispectral_set\1,ba-colmap,ODMData/agrowing_multispectral_set/1,ba-colmap-problem-i51-p36428-o111983-g0-c0,51,36428,111983,0,0,0,1,1,OPENCV,COLMAP text,COLMAP,row,1,20841461
C:\zuo\Projects\BA\Colmap_Output\ODMData\agrowing_multispectral_set\2,ba-colmap,ODMData/agrowing_multispectral_set/2,ba-colmap-problem-i51-p38015-o117097-g0-c0,51,38015,117097,0,0,0,1,1,OPENCV,COLMAP text,COLMAP,row,1,21917783
C:\zuo\Projects\BA\Colmap_Output\ODMData\Belair M1 ShoretoRd Alt50 Ov75 CPURed25gb 15000pt pmsv off,ba-colmap,ODMData/Belair M1 ShoretoRd Alt50 Ov75 CPURed25gb 15000pt pmsv off,ba-colmap-problem-i308-p245243-o1529193-g0-c0,308,245243,1529193,0,0,0,1,1,OPENCV,COLMAP text,COLMAP,row,0,165951549
C:\zuo\Projects\BA\Colmap_Output\ODMData\Conch-master,ba-colmap,ODMData/Conch-master,ba-colmap-problem-i88-p46484-o282357-g0-c0,88,46484,282357,0,0,0,1,1,OPENCV,COLMAP text,COLMAP,row,1,42297373
C:\zuo\Projects\BA\Colmap_Output\ODMData\dataset_banana,ba-colmap,ODMData/dataset_banana,ba-colmap-problem-i15-p6891-o24406-g0-c0,15,6891,24406,0,0,0,1,1,OPENCV,COLMAP text,COLMAP,row,0,7327662
C:\zuo\Projects\BA\Colmap_Output\ODMData\drone_dataset_brighton_beach,ba-colmap,ODMData/drone_dataset_brighton_beach,ba-colmap-problem-i18-p5509-o22356-g0-c0,18,5509,22356,0,0,0,1,1,OPENCV,COLMAP text,COLMAP,row,1,7767439
C:\zuo\Projects\BA\Colmap_Output\ODMData\drone_dataset_sand_key-master,ba-colmap,ODMData/drone_dataset_sand_key-master,ba-colmap-problem-i100-p113862-o703050-g0-c0,100,113862,703050,0,0,0,1,1,OPENCV,COLMAP text,COLMAP,row,1,71156867
C:\zuo\Projects\BA\Colmap_Output\ODMData\drone_dataset_sheffield_cross-master,ba-colmap,ODMData/drone_dataset_sheffield_cross-master,ba-colmap-problem-i172-p103240-o850478-g0-c0,172,103240,850478,0,0,0,1,1,OPENCV,COLMAP text,COLMAP,row,1,84188983
C:\zuo\Projects\BA\Colmap_Output\ODMData\drone_dataset_sheffield_park_1-master,ba-colmap,ODMData/drone_dataset_sheffield_park_1-master,ba-colmap-problem-i77-p53071-o351969-g0-c0,77,53071,351969,0,0,0,1,1,OPENCV,COLMAP text,COLMAP,row,1,39075671
C:\zuo\Projects\BA\Colmap_Output\ODMData\drone_dataset_sheffield_park_2-master,ba-colmap,ODMData/drone_dataset_sheffield_park_2-master,ba-colmap-problem-i53-p38052-o216461-g0-c0,53,38052,216461,0,0,0,1,1,OPENCV,COLMAP text,COLMAP,row,1,27024018
C:\zuo\Projects\BA\Colmap_Output\ODMData\drone_dataset_sheffield_park_3-master,ba-colmap,ODMData/drone_dataset_sheffield_park_3-master,ba-colmap-problem-i32-p22394-o127508-g0-c0,32,22394,127508,0,0,0,1,1,OPENCV,COLMAP text,COLMAP,row,1,15364232
C:\zuo\Projects\BA\Colmap_Output\ODMData\MapPilot,ba-colmap,ODMData/MapPilot,ba-colmap-problem-i488-p185844-o813829-g0-c0,488,185844,813829,0,0,0,1,1,OPENCV,COLMAP text,COLMAP,row,0,219985991
C:\zuo\Projects\BA\Colmap_Output\ODMData\micasense,ba-colmap,ODMData/micasense,ba-colmap-problem-i210-p140933-o1042306-g0-c0,210,140933,1042306,0,0,0,1,1,OPENCV,COLMAP text,COLMAP,row,1,119154002
C:\zuo\Projects\BA\Colmap_Output\ODMData\OBriens_2017-07-22,ba-colmap,ODMData/OBriens_2017-07-22,ba-colmap-problem-i87-p130867-o691565-g0-c0,87,130867,691565,0,0,0,1,1,OPENCV,COLMAP text,COLMAP,row,1,56408474
C:\zuo\Projects\BA\Colmap_Output\ODMData\odm_boruszyn_kap,ba-colmap,ODMData/odm_boruszyn_kap,ba-colmap-problem-i46-p36453-o203793-g0-c0,46,36453,203793,0,0,0,1,1,OPENCV,COLMAP text,COLMAP,row,1,23941633
C:\zuo\Projects\BA\Colmap_Output\ODMData\odm_data_aukerman,ba-colmap,ODMData/odm_data_aukerman,ba-colmap-problem-i77-p41775-o255263-g0-c0,77,41775,255263,0,0,0,1,1,OPENCV,COLMAP text,COLMAP,row,1,39165760
C:\zuo\Projects\BA\Colmap_Output\ODMData\odm_data_bellus,ba-colmap,ODMData/odm_data_bellus,ba-colmap-problem-i109-p15732-o68221-g0-c0,109,15732,68221,0,0,0,1,1,OPENCV,COLMAP text,COLMAP,row,0,50124512
C:\zuo\Projects\BA\Colmap_Output\ODMData\odm_data_caliterra,ba-colmap,ODMData/odm_data_caliterra,ba-colmap-problem-i77-p54997-o330302-g0-c0,77,54997,330302,0,0,0,1,1,OPENCV,COLMAP text,COLMAP,row,1,32742183
C:\zuo\Projects\BA\Colmap_Output\ODMData\odm_data_copr,ba-colmap,ODMData/odm_data_copr,ba-colmap-problem-i38-p57138-o272245-g0-c0,38,57138,272245,0,0,0,1,1,OPENCV,COLMAP text,COLMAP,row,0,25972137
C:\zuo\Projects\BA\Colmap_Output\ODMData\odm_data_garfield_msp\msp,ba-colmap,ODMData/odm_data_garfield_msp/msp,ba-colmap-problem-i112-p33046-o189830-g0-c0,112,33046,189830,0,0,0,112,112,OPENCV,COLMAP text,COLMAP,row,1,45651587
C:\zuo\Projects\BA\Colmap_Output\ODMData\odm_data_garfield_msp\rgb,ba-colmap,ODMData/odm_data_garfield_msp/rgb,ba-colmap-problem-i28-p7617-o16990-g0-c0,28,7617,16990,0,0,0,1,1,OPENCV,COLMAP text,COLMAP,row,1,12144794
C:\zuo\Projects\BA\Colmap_Output\ODMData\odm_data_helenenschacht,ba-colmap,ODMData/odm_data_helenenschacht,ba-colmap-problem-i176-p60757-o311931-g0-c0,176,60757,311931,0,0,0,1,1,OPENCV,COLMAP text,COLMAP,row,1,76989738
C:\zuo\Projects\BA\Colmap_Output\ODMData\odm_data_langley,ba-colmap,ODMData/odm_data_langley,ba-colmap-problem-i200-p135677-o873049-g0-c0,200,135677,873049,0,0,0,1,1,OPENCV,COLMAP text,COLMAP,row,1,95241630
C:\zuo\Projects\BA\Colmap_Output\ODMData\odm_data_lewis,ba-colmap,ODMData/odm_data_lewis,ba-colmap-problem-i142-p84650-o396700-g0-c0,142,84650,396700,0,0,0,1,1,OPENCV,COLMAP text,COLMAP,row,1,68768186
C:\zuo\Projects\BA\Colmap_Output\ODMData\odm_data_rv_nir-master,ba-colmap,ODMData/odm_data_rv_nir-master,ba-colmap-problem-i552-p112021-o471604-g0-c0,552,112021,471604,0,0,0,1,1,OPENCV,COLMAP text,COLMAP,row,0,265240159
C:\zuo\Projects\BA\Colmap_Output\ODMData\odm_data_seneca-master,ba-colmap,ODMData/odm_data_seneca-master,ba-colmap-problem-i166-p149968-o728794-g0-c0,166,149968,728794,0,0,0,2,2,OPENCV,COLMAP text,COLMAP,row,0,95463856
C:\zuo\Projects\BA\Colmap_Output\ODMData\odm_data_toledo-master,ba-colmap,ODMData/odm_data_toledo-master,ba-colmap-problem-i87-p76731-o350539-g0-c0,87,76731,350539,0,0,0,1,1,OPENCV,COLMAP text,COLMAP,row,1,45799768
C:\zuo\Projects\BA\Colmap_Output\ODMData\odm_data_waterbury-master,ba-colmap,ODMData/odm_data_waterbury-master,ba-colmap-problem-i239-p52995-o251144-g0-c0,239,52995,251144,0,0,0,1,1,OPENCV,COLMAP text,COLMAP,row,0,99711009
C:\zuo\Projects\BA\Colmap_Output\ODMData\odm_data_zoo,ba-colmap,ODMData/odm_data_zoo,ba-colmap-problem-i504-p136289-o592906-g0-c0,504,136289,592906,0,0,0,1,1,OPENCV,COLMAP text,COLMAP,row,0,222219766
C:\zuo\Projects\BA\Colmap_Output\ODMData\odm_mygla_dataset-master,ba-colmap,ODMData/odm_mygla_dataset-master,ba-colmap-problem-i27-p10645-o43797-g0-c0,27,10645,43797,0,0,0,1,1,OPENCV,COLMAP text,COLMAP,row,1,11780819
C:\zuo\Projects\BA\Colmap_Output\ODMData\odm_sance-master,ba-colmap,ODMData/odm_sance-master,ba-colmap-problem-i156-p155823-o755115-g0-c0,156,155823,755115,0,0,0,1,1,OPENCV,COLMAP text,COLMAP,row,1,86892271
C:\zuo\Projects\BA\Colmap_Output\ODMData\odm_wietrznia-master,ba-colmap,ODMData/odm_wietrznia-master,ba-colmap-problem-i225-p216557-o1075304-g0-c0,225,216557,1075304,0,0,0,1,1,OPENCV,COLMAP text,COLMAP,row,1,121311225
C:\zuo\Projects\BA\Colmap_Output\ODMData\OldOrchard_2017-07-22,ba-colmap,ODMData/OldOrchard_2017-07-22,ba-colmap-problem-i171-p93894-o1163856-g0-c0,171,93894,1163856,0,0,0,1,1,OPENCV,COLMAP text,COLMAP,row,1,76713394
C:\zuo\Projects\BA\Colmap_Output\ODMData\parrot_sequoia,ba-colmap,ODMData/parrot_sequoia,ba-colmap-problem-i196-p110506-o876318-g0-c0,196,110506,876318,0,0,0,1,1,OPENCV,COLMAP text,COLMAP,row,1,104642467
C:\zuo\Projects\BA\Colmap_Output\ODMData\PH4 20161109 La Barrier Photometry,ba-colmap,ODMData/PH4 20161109 La Barrier Photometry,ba-colmap-problem-i293-p318975-o1573754-g0-c0,293,318975,1573754,0,0,0,1,1,OPENCV,COLMAP text,COLMAP,row,1,169188242
C:\zuo\Projects\BA\Colmap_Output\ODMData\Phalaborwa_5530,ba-colmap,ODMData/Phalaborwa_5530,ba-colmap-problem-i36-p9023-o27647-g0-c0,36,9023,27647,0,0,0,1,1,OPENCV,COLMAP text,COLMAP,row,1,13283594
